block	fixation	reaction	lapsus	last5
1	1.7	0.29431200004182756	False	0.29431200004182756
1	1.2	0.2515006000176072	False	0.2729063000297174
1	2.1	2.0	True	0.2729063000297174
1	1.5	0.2690495999995619	False	0.2716207333529989
1	0.9	0.6065424999687821	False	0.3553511750069447
