block	fixation	reaction	lapsus	last5
1	2.1	0.3538739999057725	False	0.3538739999057725
1	1.7	0.2403706000186503	False	0.2971222999622114
1	1.2	0.3292814999585971	False	0.30784203329433996
1	0.9	0.31157599994912744	False	0.30877552495803684
1	1.5	0.2084733999799937	False	0.2887150999624282
