block	fixation	reaction	lapsus	last5
1	2.1	0.31648739997763187	False	0.31648739997763187
1	1.7	0.2711101999739185	False	0.2937987999757752
1	0.9	0.33338279998861253	False	0.30699346664672095
1	1.2	0.2602251999778673	False	0.29530139997950755
1	1.5	0.25056379998568445	False	0.2863538799807429
